{"Channel": {"T": 0.5737424282328154, "R": 0.4244595936062884, "C": 0.0012003403496687669, "B": 0.0005976378112274872}, "LoanPurpose": {"P": 0.5252375357063268, "N": 0.30948522112599014, "C": 0.165277243167683}, "SellerName": {"Ot": 0.3030935353821843, "CO": 0.17442414051579183, "ST": 0.11184943578938839, "FL": 0.07315998460322927, "NO": 0.05909017240331436, "FI": 0.04317679949757906, "BI": 0.03242438362269808, "GM": 0.03132533781730516, "G ": 0.023961224448451206, "CH": 0.023105285549320315, "CR": 0.02258361864629971, "FT": 0.020319685581734567, "PR": 0.017093454346548895, "AC": 0.014637061647859646, "OL": 0.013811511112011506, "BA": 0.011810943862563563, "WA": 0.008746783898219241, "HO": 0.005586394116812868, "PN": 0.005292639938412917, "RE": 0.004507607220275116}, "ServicerName": {"Other servicers     ": 0.24013391138753268, "COUNTRYWIDE         ": 0.15588217418609834, "WASHINGTONMUTUALBANK": 0.0821802637709933, "ABNAMROMTGEGROUPINC": 0.07228378679524321, "BANKOFAMERICANA    ": 0.05845201677437653, "WELLSFARGOHOMEMORTGA": 0.054005186280666924, "GMACMTGECORP        ": 0.050257288142460645, "CHASEMTGECO         ": 0.04552176819756488, "CHASEMANHATTANMTGECO": 0.03301695670671178, "WELLSFARGOBANKNA   ": 0.028524543668078037, "BAMORTGAGELLC      ": 0.027400174226616156, "CITIMORTGAGEINC    ": 0.02269504264500314, "FTMTGESERVICESINC  ": 0.021099653572658576, "JPMORGANCHASEBANKNA": 0.020420980126010412, "CHASEHOMEFINANCELLC ": 0.017285913980673, "HOMESIDELENDINGINC ": 0.016870606349142035, "SUNTRUSTMORTGAGEINC": 0.01663762889730759, "FIFTHTHIRDBANK      ": 0.016237515447418003, "PRINCIPALRESIDENTIAL": 0.016131156175928363, "NATLCITYMTGECO      ": 0.00496343266951642}}